source,title,link,authors
GoogleScholar,"Non-fungible token (NFT): Overview, evaluation, opportunities and challenges",https://arxiv.org/abs/2105.07447,"Q Wang, R Li, Q Wang, S Chen"
GoogleScholar,"Mapping the NFT revolution: market trends, trade networks, and visual features",https://www.nature.com/articles/s41598-021-00053-8,"M Nadini, L Alessandretti, F Di Giacinto, M Martino"
GoogleScholar,Increased incidence of neurofibrillary tangles (NFT) in non-demented individuals with hypertension,https://www.sciencedirect.com/science/article/pii/0022510X9500105B,
GoogleScholar,"EEGLAB, SIFT, NFT, BCILAB, and ERICA: new tools for advanced EEG processing",https://www.hindawi.com/journals/cin/2011/130714/abs/,"A Delorme, T Mullen, C Kothe"
GoogleScholar,The ABC of NFT. Nutrient film technique.,https://www.cabdirect.org/cabdirect/abstract/19800383857,
GoogleScholar,Quantifying NFT-driven networks in crypto art,https://www.nature.com/articles/s41598-022-05146-6,"K Vasan, M Janosov, AL Barabási"
GoogleScholar,The non-fungible token (NFT) market and its relationship with Bitcoin and Ethereum,https://www.mdpi.com/2674-1032/1/3/17,L Ante
GoogleScholar,Nonlinear frequency division multiplexed transmissions based on NFT,https://ieeexplore.ieee.org/abstract/document/7106490/,"T Gui, K Zhong"
GoogleScholar,Novel pathway regarding good cosmetics brands by NFT in the metaverse world,https://onlinelibrary.wiley.com/doi/abs/10.1111/jocd.15277,
GoogleScholar,Alternative investments in the Fintech era: The risk and return of Non-Fungible Token (NFT),https://papers.ssrn.com/sol3/papers.cfm?abstract_id=3914085,"DR Kong, TC Lin"
GoogleScholar,"Non-fungible token (NFT) markets on the Ethereum blockchain: Temporal development, cointegration and interrelations",https://www.tandfonline.com/doi/abs/10.1080/10438599.2022.2119564,L Ante
GoogleScholar,Non-Fungible Tokens (NFT): A Systematic Review,https://www.mdpi.com/2078-2489/14/1/26,H Taherdoost
GoogleScholar,Tweetboost: Influence of social media on nft valuation,https://dl.acm.org/doi/abs/10.1145/3487553.3524642,"A Kapoor, D Guhathakurta, R Yadav"
GoogleScholar,Cdk5 is involved in NFT-like tauopathy induced by transient cerebral ischemia in female rats,https://www.sciencedirect.com/science/article/pii/S0925443906002213,R Liu
GoogleScholar,Treatment of domestic wastewater by an hydroponic NFT system,https://www.sciencedirect.com/science/article/pii/S0045653502003715,
GoogleScholar,The NFT hype: What draws attention to non-fungible tokens?,https://www.mdpi.com/2227-7390/10/3/335,"C Pinto-Gutiérrez, S Gaitán"
GoogleScholar,Assessment of biofortification with iodine and selenium of lettuce cultivated in the NFT hydroponic system,https://www.sciencedirect.com/science/article/pii/S0304423813005918,S Smoleń
GoogleScholar,… and translocation in chicory (Cichorium intybus L. cv. Grasslands Puna) and tomato (Lycopersicon esculentum Mill. cv. Rondy) plants grown in NFT system. I. Copper …,https://link.springer.com/article/10.1023/A:1004731415931,
GoogleScholar,Understanding security issues in the NFT ecosystem,https://dl.acm.org/doi/abs/10.1145/3548606.3559342,"D Das, P Bose, N Ruaro, C Kruegel"
GoogleScholar,The evolution of nonfungible tokens: Complexity and novelty of NFT use-cases,https://ieeexplore.ieee.org/abstract/document/9717330/,"A Park, J Kietzmann, L Pitt, A Dabirian"
GoogleScholar,Non-fungible tokens (nft). the analysis of risk and return,https://papers.ssrn.com/sol3/papers.cfm?abstract_id=3953535,M Mazur
GoogleScholar,Influence of partial replacement of nitrate by amino acid nitrogen or urea in the nutrient medium on nitrate accumulation in NFT grown winter lettuce,https://www.tandfonline.com/doi/abs/10.1080/01904169409364855,A Gunes
GoogleScholar,Hommons: Hydroponic management and monitoring system for an IOT based NFT farm using web technology,https://ieeexplore.ieee.org/abstract/document/8089268/,"PN Crisnapati, INK Wardana"
GoogleScholar,What is Non-fungible token (NFT)? A short discussion about NFT Terms used in NFT,https://www.authorea.com/doi/full/10.22541/au.166490992.24247550,
GoogleScholar,The economic value of NFT: Evidence from a portfolio analysis using mean–variance framework,https://www.sciencedirect.com/science/article/pii/S1544612322000976,"H Ko, B Son, H Jang, J Lee"
GoogleScholar,Non-fungible tokens (nft)–innovation beyond the craze,https://www.academia.edu/download/68796447/PET_Journal_NFTs_Innovation_beyond_the_craze.pdf,AD Popescu
GoogleScholar,"… relentlessly in Metropolitan Mexico City infants, children and young adults. APOE4 carriers have higher suicide risk and higher odds of reaching NFT stage V at≤ 40 …",https://www.sciencedirect.com/science/article/pii/S0013935118301439,
GoogleScholar,Nutrition of greenhouse vegetables in NFT and hydroponic systems,https://www.actahort.org/books/361/361_23.htm,
GoogleScholar,Potato growth and yield using nutrient film technique (NFT),https://link.springer.com/article/10.1007/BF02987070,"RM Wheeler, CL Mackowiak"
GoogleScholar,"NFT, copyright and intellectual property commercialization",https://academic.oup.com/ijlit/article-abstract/29/4/296/6433295,IE Okonkwo
GoogleScholar,Implementation of real-time fuzzy logic control for NFT-based hydroponic system on Internet of Things environment,https://ieeexplore.ieee.org/abstract/document/7849641/,"D Yolanda, H Hindersah, F Hadiatna"
GoogleScholar,NFT wash trading: Quantifying suspicious behaviour in NFT markets,https://arxiv.org/abs/2202.03866,"V von Wachter, JR Jensen, F Regner"
GoogleScholar,Heterogeneous rarity patterns drive price dynamics in NFT collections,https://www.nature.com/articles/s41598-022-17922-5,"A Mekacher, A Bracci, M Nadini, M Martino"
GoogleScholar,NFT marketing: How marketers can use nonfungible tokens in their campaigns,https://www.sciencedirect.com/science/article/pii/S0007681321002202,"R Chohan, J Paschen"
GoogleScholar,Critical nutrient concentrations and antagonistic and synergistic relationships among the nutrients of NFT‐grown young tomato plants,https://www.tandfonline.com/doi/abs/10.1080/01904169809365542,"A Gunes, A Inal"
GoogleScholar,Characterizing the OpenSea NFT marketplace,https://dl.acm.org/doi/abs/10.1145/3487553.3524629,"A Mahanti, K Passi"
GoogleScholar,Bubbles all the way down? Detecting and date-stamping bubble behaviours in NFT and DeFi markets,https://www.tandfonline.com/doi/abs/10.1080/14765284.2022.2138161,"Y Wang, F Horky, BM Lucey"
GoogleScholar,The return and volatility connectedness of NFT segments and media coverage: fresh evidence based on news about the COVID-19 pandemic,https://www.sciencedirect.com/science/article/pii/S1544612322002690,"Z Umar, A Abrar, A Zaremba"
GoogleScholar,Tokenfication-The potential of non-fungible tokens (NFT) for game development,https://dl.acm.org/doi/abs/10.1145/3450337.3483501,"A Fowler, J Pirker"
GoogleScholar,When makers meet the metaverse: Effects of creating NFT metaverse exhibition in maker education,https://www.sciencedirect.com/science/article/pii/S0360131522002640,
GoogleScholar,On the design of NFT-based communication systems with lumped amplification,https://ieeexplore.ieee.org/abstract/document/8114185/,"M Kamalian, JE Prilepsky, ST Le"
GoogleScholar,A blockchain based decentralized computing and NFT infrastructure for game networks,https://ieeexplore.ieee.org/abstract/document/9274085/,
GoogleScholar,NFTCert: NFT-based certificates with online payment gateway,https://ieeexplore.ieee.org/abstract/document/9680582/,
GoogleScholar,Designing and implementing the arduino-based nutrition feeding automation system of a prototype scaled nutrient film technique (NFT) hydroponics using total …,https://ieeexplore.ieee.org/abstract/document/8257697/,D Eridani
GoogleScholar,From Painting to Pixel: Understanding NFT Artworks,https://www.researchgate.net/profile/Sheila-Bsteh/publication/351346278_From_Painting_to_Pixel_Understanding_NFT_artworks/links/609280ec92851c490fb7470e/From-Painting-to-Pixel-Understanding-NFT-artworks.pdf,
GoogleScholar,Reducing nitrate content of NFT grown winter onion plants (Allium cepa L.) by partial replacement of NO3 with amino acid in nutrient solution,https://www.sciencedirect.com/science/article/pii/0304423895008640,"A Güneş, A İnal"
GoogleScholar,Chronic noise exposure causes persistence of tau hyperphosphorylation and formation of NFT tau in the rat hippocampus and prefrontal cortex,https://www.sciencedirect.com/science/article/pii/S0014488612003378,
GoogleScholar,Effect of water flow rate on quantity and quality of lettuce (Lactuca sativa L.) in nutrient film technique (NFT) under hydroponics conditions.,https://www.agrojournal.org/24/05-09.pdf,"AR Al-Tawaha, G Al-Karaki, AR Al-Tawaha"
GoogleScholar,Nft of nft: Is our imagination the only limitation of the metaverse?,https://jbba.scholasticahq.com/article/36444.pdf,
GoogleScholar,NaCl effects on celery (Apium graveolens L.) grown in NFT,https://www.sciencedirect.com/science/article/pii/S0304423899000205,F Malorgio
GoogleScholar,NFT Become a Copyright Solution,https://ejournal.sidyanusa.org/index.php/jdlp/article/view/166,
GoogleScholar,"Once upon a time in nft: Blockchain, copyright, and the right of first sale doctrine",https://heinonline.org/hol-cgi-bin/get_pdf.cgi?handle=hein.journals/caelj37&section=29,
GoogleScholar,Proposal on NFT Minter for Blockchain-based Art-Work Trading System,https://ieeexplore.ieee.org/abstract/document/9787667/,"R Vairagade, L Bitla"
GoogleScholar,A comparison of plant growth rates between an NFT hydroponic system and an NFT aquaponic system,https://www.mdpi.com/2311-7524/5/2/27,
GoogleScholar,NFT-based traceability and ownership management of medical devices,https://ieeexplore.ieee.org/abstract/document/9967972/,"SA Gebreab, HR Hasan, K Salah, R Jayaraman"
GoogleScholar,An analysis of the features considerable for NFT recommendations,https://ieeexplore.ieee.org/abstract/document/9869497/,"D Piyadigama, G Poravi"
GoogleScholar,"Metaverse Made Easy: A Beginner's Guide to the Metaverse: Everything you need to know about Metaverse, NFT and GameFi",https://books.google.com/books?hl=ru&lr=&id=AGRYEAAAQBAJ&oi=fnd&pg=PA4&dq=NFT&ots=58X5xRrllW&sig=wrTlDtoTqK2XF3MLrq_vO1RGuOQ,
GoogleScholar,Toward achieving anonymous nft trading,https://ieeexplore.ieee.org/abstract/document/9982643/,K Omote
GoogleScholar,Educational applications of non-fungible token (NFT),https://www.mdpi.com/2071-1050/15/1/7,CH Wu
GoogleScholar,Racial discrimination in non-fungible token (NFT) prices? CryptoPunk sales and skin tone,https://www.sciencedirect.com/science/article/pii/S016517652200252X,
GoogleScholar,Dual-polarization NFDM transmission using distributed Raman amplification and NFT-domain equalization,https://ieeexplore.ieee.org/abstract/document/8485396/,"S Gaiarin, F Da Ros"
GoogleScholar,"DeFi, NFT and GameFi Made Easy: A Beginner's Guide to Understanding and Investing in DeFi, NFT and GameFi Projects",https://books.google.com/books?hl=ru&lr=&id=hAZGEAAAQBAJ&oi=fnd&pg=PA4&dq=NFT&ots=bL4wqPb9X5&sig=Zepu6DNT6kpqtrZqCaZHh6WfdN8,
GoogleScholar,NFT based fundraising system for preserving cultural heritage: heirloom,https://ieeexplore.ieee.org/abstract/document/9559006/,"E Ertürk, M Doğan, Ü Kadiroğlu"
GoogleScholar,How rarity shapes the NFT market,https://www.academia.edu/download/92711238/2204.10243v2.pdf,"A Mekacher, A Bracci, M Nadini, M Martino"
GoogleScholar,The impact of NFT profile pictures within social network communities,https://dl.acm.org/doi/abs/10.1145/3524458.3547230,"S Casale-Brunet, M Zichichi"
GoogleScholar,Your million-dollar NFT can break tomorrow if you're not careful,http://108.166.64.190/omeka222/files/original/656509e86232ecef2b0d766488147e7f.pdf,
GoogleScholar,"Effects of fertigation management on growth and photosynthesis of tomato plants grown in peat, rockwool and NFT",https://www.sciencedirect.com/science/article/pii/030442389500791Q,
GoogleScholar,"Current use cases, benefits and challenges of NFTs in the museum sector: toward common pool model of NFT sharing for educational purposes",https://www.tandfonline.com/doi/abs/10.1080/09647775.2022.2132995,Y Jung
GoogleScholar,A split-pole-gapped NFT write head design for transition curvature reduction in heat-assisted magnetic recording,https://ieeexplore.ieee.org/abstract/document/8374819/,JA Bain
GoogleScholar,Bi-directional algorithm for computing discrete spectral amplitudes in the NFT,https://ieeexplore.ieee.org/abstract/document/7486016/,FR Kschischang
GoogleScholar,Nutrient solution temperature affects growth and Brix parameters of seventeen lettuce cultivars grown in an NFT hydroponic system,https://www.mdpi.com/2311-7524/7/9/321,"D Thakulla, B Dunn"
GoogleScholar,"Incorporating registration, reputation, and incentivization into the NFT ecosystem",https://ieeexplore.ieee.org/abstract/document/9832869/,"HR Hasan, K Salah, A Battah, M Madine"
GoogleScholar,Stakeholders and Value in the NFT Ecosystem: Towards a Multi-disciplinary Understanding of the NFT Phenomenon,https://dl.acm.org/doi/abs/10.1145/3491101.3519694,"MA Baytaş, A Cappellaro, Y Fernaeus"
GoogleScholar,"Connectedness between emerging stock markets, gold, cryptocurrencies, DeFi and NFT: Some new evidence from wavelet analysis",https://www.sciencedirect.com/science/article/pii/S0378437123002753,AF Bariviera
GoogleScholar,"NFT Appraisal Prediction: Utilizing Search Trends, Public Market Data, Linear Regression and Recurrent Neural Networks",https://arxiv.org/pdf/2204.12932,S Jain
GoogleScholar,"Nutrient solution formulation for hydroponic (perlite, rockwool, NFT) tomatoes in Florida",https://www.spring-lake.net/pdfs/hydroponics/Tomato-nutrition.pdf,GJ Hochmuth
GoogleScholar,Internet of Things for monitoring and controlling nutrient film technique (NFT) aquaponic,https://ieeexplore.ieee.org/abstract/document/8711304/,"A Zaini, A Kurniawan"
GoogleScholar,A decentralized framework for patents and intellectual property as nft in blockchain networks,https://www.researchsquare.com/article/rs-951089/latest,"SMH Bamakan, N Nezhadsistani"
GoogleScholar,Herding in the non-fungible token (NFT) market,https://www.sciencedirect.com/science/article/pii/S2214635023000515,"T Bao, Y Wen"
GoogleScholar,Rhizofiltration of lead using an aromatic medicinal plant Plectranthus amboinicus cultured in a hydroponic nutrient film technique (NFT) system,https://link.springer.com/article/10.1007/s11356-014-3204-1,
GoogleScholar,Lettuce growth and water consumption in NFT hydroponic system using brackish water,https://www.scielo.br/j/rbeaa/a/GVp5GHQJn56kBGdvqQpxbJg/,ÊFF Silva
GoogleScholar,Near-freezing temperature (NFT) storage alleviates chilling injury by enhancing antioxidant metabolism of postharvest guava (Psidium guajava L.),https://www.sciencedirect.com/science/article/pii/S0304423822005167,
GoogleScholar,Virtual Equivalents of Real Objects (VEROs): A type of non-fungible token (NFT) that can help fund the 3D digitization of natural history collections,https://www.mapress.com/mt/article/view/42472,SJ Bolton
GoogleScholar,Extension of aquaponic water use for NFT baby-leaf production: mizuna and rocket salad,https://www.mdpi.com/2073-4395/8/5/75,"S Barakat, K Yaghi"
GoogleScholar,The perception of Filipinos on the advent of cryptocurrency and non-fungible token (NFT) games,https://arxiv.org/abs/2202.07467,Z Schmautz
GoogleScholar,NFTDisk: Visual Detection of Wash Trading in NFT Markets,https://dl.acm.org/doi/abs/10.1145/3544548.3581466,"R Francisco, N Rodelas, JE Ubaldo"
GoogleScholar,"Connect2NFT: A web-based, blockchain enabled NFT Application with the Aim of Reducing Fraud and ensuring authenticated social, non-human verified digital …",https://www.mdpi.com/2227-7390/10/21/3934,"X Wen, Y Wang, X Yue, F Zhu"
GoogleScholar,Tomato production in open or closed rockwool culture systems with NFT or rockwool nutrient feedings,https://www.actahort.org/books/481/481_6.htm,AM Abu-Mahfouz
GoogleScholar,Reducing nitrate accumulation and fertilizer use in lettuce with modified intermittent Nutrient Film Technique (NFT) system,https://www.mdpi.com/2073-4395/10/8/1208,
GoogleScholar,Seller-buyer networks in NFT art are driven by preferential ties,https://www.frontiersin.org/articles/10.3389/fbloc.2022.1073499/full,G Colavizza
GoogleScholar,Selling digital art for millions-a qualitative analysis of NFT art marketplaces,https://www.researchgate.net/profile/Ferdinand-Thies-2/publication/361461561_SELLING_DIGITAL_ART_FOR_MILLIONS_-A_QUALITATIVE_ANALYSIS_OF_NFT_ART_MARKETPLACES/links/62b2d109d49f803365b0be12/SELLING-DIGITAL-ART-FOR-MILLIONS-A-QUALITATIVE-ANALYSIS-OF-NFT-ART-MARKETPLACES.pdf,F Thies
GoogleScholar,Liftchain: A scalable multi-stage nft transaction protocol,https://ieeexplore.ieee.org/abstract/document/9881828/,"HK Chaparala, A Showail"
GoogleScholar,Understanding NFT price moves through Social media keywords analysis,https://arxiv.org/abs/2209.07706,"J Luo, X Liu"
GoogleScholar,Internet of things using publish and subscribe method cloud-based application to NFT-based hydroponic system,https://ieeexplore.ieee.org/abstract/document/7849631/,"MA Triawan, H Hindersah, D Yolanda"
GoogleScholar,Constructing a nft price index and applications,https://arxiv.org/abs/2202.08966,"H Schnoering, H Inzirillo"
GoogleScholar,NFT marketplace design and market intelligence,https://papers.ssrn.com/sol3/papers.cfm?abstract_id=4002303,P Kireyev
GoogleScholar,Robust filtering for 2-D state-delayed systems with NFT uncertainties,https://ieeexplore.ieee.org/abstract/document/1561593/,SF Chen
GoogleScholar,Polarization-multiplexed nonlinear inverse synthesis with standard and reduced-complexity NFT processing,https://opg.optica.org/abstract.cfm?uri=oe-26-13-17360,"S Civelli, SK Turitsyn, M Secondini, JE Prilepsky"
GoogleScholar,"Two coordination polymers as multi-responsive luminescent sensors for the detection of UO 2 2+, Cr (VI), and the NFT antibiotic",https://pubs.rsc.org/en/content/articlehtml/2022/ce/d2ce00631f,
GoogleScholar,Don't miss out on NFTs?! A sentiment-based analysis of the early NFT market,https://www.sciencedirect.com/science/article/pii/S1059056023002265,"F Horky, J Fidrmuc"
GoogleScholar,NFT-based intelligence networking for connected and autonomous vehicles: A quantum reinforcement learning approach,https://ieeexplore.ieee.org/abstract/document/9852376/,"Y Ren, R Xie, FR Yu, T Huang"
GoogleScholar,What users tweet on NFTs: mining Twitter to understand NFT-related concerns using a topic modeling approach,https://ieeexplore.ieee.org/abstract/document/9938986/,"SC Meyns, F Dalipi"
GoogleScholar,Neurofibrillary tangles of Alzheimer's disease: an immunohistochemical study.,https://europepmc.org/article/med/3973960,JP Brion
GoogleScholar,Treatment of domestic wastewater using the nutrient film technique (NFT) to produce horticultural roses,https://www.sciencedirect.com/science/article/pii/S0043135402000581,
GoogleScholar,The use of organic manure for lettuce plants grown under NFT conditions,https://www.actahort.org/books/491/491_47.htm,EM Abd-Elmoniem
GoogleScholar,Spotting anomalous trades in NFT markets: The case of NBA TopShot,https://journals.plos.org/plosone/article?id=10.1371/journal.pone.0287262,"K Pelechrinis, X Liu, P Krishnamurthy, A Babay"
GoogleScholar,Assessing engagement decisions in NFT Metaverse based on the Theory of Planned Behavior (TPB),https://www.sciencedirect.com/science/article/pii/S2772503023000051,H Albayati
GoogleScholar,"Comparison of API 20E, API Rapid E, and API Rapid NFT for identification of members of the family Vibrionaceae",https://journals.asm.org/doi/abs/10.1128/jcm.22.5.778-781.1985,
GoogleScholar,Nitrate accumulation reduction using chloride in the nutrient solution on lettuce growing by NFT in semiarid climate conditions,https://www.tandfonline.com/doi/abs/10.1080/01904169809365515,M Urrestarazu
GoogleScholar,Dispersion pre-compensation for NFT-based optical fiber communication systems,https://opg.optica.org/abstract.cfm?uri=CLEO_SI-2016-SM4F.4,"I Tavakkolnia, M Safari"
GoogleScholar,Reference values for distal motor conduction of the tibial nerve: Effects of demographic and anthropometric measures,https://onlinelibrary.wiley.com/doi/abs/10.1002/mus.26908,"F Ginanneschi, S Curti"
GoogleScholar,The Development of Digital Collection Platform under Responsible Innovation Framework: A Study on China's Non-Fungible Token (NFT) Industry,https://www.mdpi.com/2199-8531/8/4/203,Z Liu
GoogleScholar,From trade-only to zero-value nfts: The asset proxy nft paradigm in web3,https://arxiv.org/abs/2205.04899,"Y Wang, BM Lucey, S Vigne"
GoogleScholar,Decontamination of water polluted by heavy metals with Taro (Colocasia esculenta) cultured in a hydroponic NFT system,https://link.springer.com/article/10.1007/s10669-009-9240-6,
GoogleScholar,"Improving tomato fruit quality by raising the EC of NFT nutrient solutions and calcium spraying: effects on growth, photosynthesis, yield and quality",https://www.actahort.org/books/511/511_24.htm,EV Ramasamy
GoogleScholar,Show me your NFT and I tell you how it will perform: Multimodal representation learning for NFT selling price prediction,https://dl.acm.org/doi/abs/10.1145/3543507.3583520,M Dorais
GoogleScholar,Performance and cost evaluation of public blockchain: An nft marketplace case study,https://ieeexplore.ieee.org/abstract/document/9908999/,"D Costa, L La Cava, A Tagarelli"
GoogleScholar,The effect of salicylic acid on biofortification with iodine and selenium and the quality of potato cultivated in the NFT system,https://www.sciencedirect.com/science/article/pii/S0304423818304527,"M Rasolroveicy, M Fokaefs"
GoogleScholar,NFT Certificates and Proof of Delivery for Fine Jewelry and Gemstones,https://ieeexplore.ieee.org/abstract/document/9899445/,"M Madine, K Salah"
GoogleScholar,Perpetual Contract NFT as Collateral for DeFi Composability,https://ieeexplore.ieee.org/abstract/document/9967987/,H Kim
GoogleScholar,"Increased density of senile plaques (SP), but not neurofibrillary tangles (NFT), in non-demented individuals with the apolipoprotein E4 allele: comparison to confirmed …",https://www.sciencedirect.com/science/article/pii/0022510X96000081,
GoogleScholar,Comparison of fatty acid methyl ester analysis with the use of API 20E and NFT strips for identification of aquatic bacteria,https://journals.asm.org/doi/abs/10.1128/aem.62.6.2183-2185.1996,LG Leff
GoogleScholar,Non-fungible tokens (NFT): a safe and effective way to prevent plagiarism in scientific publishing,https://www.emerald.com/insight/content/doi/10.1108/LHTN-12-2022-0134/full/html,"HR Saeidnia, BD Lund"
GoogleScholar,Design and development of a portable and streamlined nutrient film technique (NFT) aquaponic system,https://www.sciencedirect.com/science/article/pii/S0144860919301220,"BC Mohapatra, NK Chandan"
GoogleScholar,Decentralized NFT-based evolvable games,https://ieeexplore.ieee.org/abstract/document/9909178/,"C Karapapas, G Syros, I Pittaras"
GoogleScholar,Predicting Non-Fungible Token (NFT) Collections: A Contextual Generative Approach,https://arxiv.org/abs/2210.15493,"WJW Tann, A Vuputuri, EC Chang"
GoogleScholar,Systematic literature review: Blockchain security in nft ownership,https://ieeexplore.ieee.org/abstract/document/9967897/,
GoogleScholar,Voting blockchain for high security NFT,https://ieeexplore.ieee.org/abstract/document/9621968/,
GoogleScholar,"VGO, NFT, OMG! Commentary on continued developments in skins wagering",https://www.liebertpub.com/doi/full/10.1089/glr2.2019.2312,"B Abarbanel, J Macey"
GoogleScholar,Commercial applications of NFT.,https://www.cabdirect.org/cabdirect/abstract/19790380364,
GoogleScholar,A multi-criteria recommender system for NFT Based IAP In RPG Game,https://ieeexplore.ieee.org/abstract/document/9855272/,"M Hariadi, RF Rachmadi"
GoogleScholar,Demystifying NFT Promotion and Phishing Scams,https://arxiv.org/abs/2301.09806,"SS Roy, D Das, P Bose, C Kruegel, G Vigna"
GoogleScholar,"Growth and survival of climbing perch, Anabas testudineus in Nutrient Film Technique (NFT) Aquaponics System",https://www.fisheriesjournal.com/archives/2017/vol5issue4/PartA/5-3-70-947.pdf,"BC Mohapatra, BR Pillai"
GoogleScholar,"Effects of nitrogen form, nutrient concentration and Ca concentration on the growth, yield and fruit quality in NFT-tomato plants",https://www.actahort.org/books/396/396_16.htm,
GoogleScholar,Defining consumers' interest and future of Nft fashion,https://www.atlantis-press.com/proceedings/ssha-22/125972565,
GoogleScholar,When Does a Non-Fungible Token (NFT) Become a Security?,https://heinonline.org/hol-cgi-bin/get_pdf.cgi?handle=hein.journals/gslr39&section=26,"B Elzweig, LJ Trautman"
GoogleScholar,Toward Understanding Attention Economy in Metaverse: A Case Study of NFT Value,https://ieeexplore.ieee.org/abstract/document/9964099/,
GoogleScholar,Exploring gender and race biases in the NFT market,https://www.sciencedirect.com/science/article/pii/S1544612323000259,M Hamilton
GoogleScholar,Under the skin of foundation nft auctions,https://arxiv.org/abs/2109.12321,"MA Fazli, A Owfi, MR Taesiri"
GoogleScholar,Nutrient accumulation and tipburn in NFT-grown lettuce at several potassium and pH levels,https://journals.ashs.org/hortsci/view/journals/hortsci/27/7/article-p790.xml,LA Weston
GoogleScholar,Identifying security risks in NFT platforms,https://arxiv.org/abs/2204.01487,Y Gupta
GoogleScholar,… potential native antagonistic fungus to control Cercospora leaf spot and promote the growth of 'Green Oak'lettuce (Lactuca sativa L.) cultivated in the commercial NFT …,https://www.old-aj.cz/web/pps.htm?type=article&id=69_2021-PPS,A Promwee
GoogleScholar,Salinity and flow rates of nutrient solution on cauliflower biometrics in NFT hydroponic system,https://www.scielo.br/j/rbeaa/a/jvj6GjHCXg3v9bGmLkrmFHN/,ÊFF Silva
GoogleScholar,The untold story of the NFT boom,http://108.166.64.190/omeka222/files/original/cdd8efca9e9b2ef833ad9e169d3d5b42.pdf,
GoogleScholar,NFTs rescue resale royalties? the wonderfully complicated ability of NFT smart contracts to allow resale royalty rights,https://papers.ssrn.com/sol3/papers.cfm?abstract_id=4164029,
GoogleScholar,Control of electrical conductivity for nft hydroponic systems using fuzzy logic and android environment,https://ieeexplore.ieee.org/abstract/document/8695923/,"D Yolanda, L Arief, TA Sundara"
GoogleScholar,The nutrient film technique (NFT) for crop production in the Mediterranean region,https://www.actahort.org/members/showpdf?booknrarnr=491_45,
GoogleScholar,"… and FeSO4 on Vegetative Growth, Physiological Parameters and Some Nutrient Elements Concentrations of Four Varieties of Lettuce (Lactuca sativa L.) In NFT …",https://www.tandfonline.com/doi/abs/10.1080/01904167.2015.1043378,HR Roosta
GoogleScholar,Unsupervised and supervised machine learning for performance improvement of NFT optical transmission,https://ieeexplore.ieee.org/abstract/document/8658274/,"O Kotlyar, M Pankratova, M Kamalian"
GoogleScholar,Nft wash trading in the ethereum blockchain,https://arxiv.org/abs/2212.01225,"M La Morgia, A Mei, AM Mongardini"
GoogleScholar,FL-Incentivizer: FL-NFT and FL-Tokens for Federated Learning Model Trading and Training,https://ieeexplore.ieee.org/abstract/document/10012365/,"U Majeed, LU Khan, SS Hassan, Z Han"
GoogleScholar,What is an NFT and why should archivists pay attention,https://scholarworks.sjsu.edu/cgi/viewcontent.cgi?article=1013&context=saasc_archeota#page=13,
GoogleScholar,Aplikasi hidroponik NFT pada budidaya pakcoy (Brassica rapa chinensis),https://jurnal.polinela.ac.id/jppt/article/view/180,
GoogleScholar,NFT Trades in Bitcoin with Off-chain Receipts,https://eprint.iacr.org/2023/697,MS Kiraz
GoogleScholar,NFT. finance leveraging non-fungible tokens,https://theblockchaintest.com/uploads/resources/Imperial%20College%20London%20-%20NFT-finance%20Leveraging%20Non%20Fungible%20Tokens%20-%202020%20Jun.pdf,
GoogleScholar,"Web3 Made Easy: A Comprehensive Guide to Web3: Everything you need to know about Web3, Blockchain, DeFi, Metaverse, NFT and GameFi",https://books.google.com/books?hl=ru&lr=&id=ICSIEAAAQBAJ&oi=fnd&pg=PA4&dq=NFT&ots=zSkz9_L5uh&sig=IxYd0keo7e0voh63wOc3PhutKJg,
GoogleScholar,Quality characteristics of Fragaria vesca L. fruits influenced by NFT solution EC and shading,https://www.actahort.org/books/648/648_20.htm,
GoogleScholar,The applicability of the API 20E and API Rapid NFT systems for the identification of bacteria from activated sludge,https://www.scielo.cl/scielo.php?pid=S0717-34582001000100002&script=sci_arttext&tlng=en,
GoogleScholar,"Frequency connectedness between FinTech, NFT and DeFi: Considering linkages to investor sentiment",https://www.sciencedirect.com/science/article/pii/S1057521923004416,"S Gunay, JW Goodell, S Muhammed"
GoogleScholar,Effect of bitcoin and Etherium on non-fungible token (NFT),https://www.academia.edu/download/69713934/H2309024951.pdf,
GoogleScholar,The Rise of the Non-Fungible Token (NFT) Market in Turkey: The Effect of Social Media Interaction and the Need for Uniqueness on NFT Purchase Intention*,https://www.degruyter.com/document/doi/10.1515/roms-2022-0065/html,İH Efendioğlu
GoogleScholar,Knowledge development in non-fungible tokens (NFT): a scoping review,https://www.emerald.com/insight/content/doi/10.1108/JKM-12-2022-0937/full/html,"A Behl, V Pereira, A Nigam, S Wamba"
GoogleScholar,Factors Influencing Non-Fungible Tokens (NFT) Game Engagement during the COVID-19 pandemic: The Theory of Planned Behavior (TPB) and Hedonic …,https://www.cell.com/heliyon/pdf/S2405-8440(23)07055-X.pdf,"YT Prasetyo, MML Cahigas, SF Persada"
GoogleScholar,Water-stable CdII-based metal–organic framework as a reversible luminescent sensor for NFT with excellent recyclability and selectivity,https://www.sciencedirect.com/science/article/pii/S1387700319310445,
GoogleScholar,NFT student teacher incentive system (NFT-stis),https://papers.ssrn.com/sol3/papers.cfm?abstract_id=4120879,M Elmessiry
GoogleScholar,A study on corporate information assets management system using NFT,https://ieeexplore.ieee.org/abstract/document/9952364/,
GoogleScholar,Analyzing the NFT mania: Is a JPG worth millions?,https://sk.sagepub.com/cases/analyzing-the-nft-mania-is-a-jpg-worth-millions,
GoogleScholar,Pemanfaatan NFT Sebagai Peluang Bisnis Pada Era Metaverse,http://www.akrabjuara.com/index.php/akrabjuara/article/view/1770,DP Sari
GoogleScholar,NFT-I technique using IoT to improve hydroponic cultivation of lettuce,https://ieeexplore.ieee.org/abstract/document/9281277/,MJ Ibarra
GoogleScholar,"… Zn (II)-based four-fold interpenetrated metal-organic framework for highly sensitive sensing 2, 4, 6-trinitrophenol (TNP), nitrofurazone (NFZ) and nitrofurantoin (NFT)",https://www.sciencedirect.com/science/article/pii/S1387700319301029,
GoogleScholar,Finite element study the seismic behavior of connection to replace the continuity plates in (NFT/CFT) steel columns,https://www.researchgate.net/profile/Omid-Rezaifar/publication/303867876_Finite_element_study_the_seismic_behavior_of_connection_to_replace_the_continuity_plates_in_NFTCFT_steel_columns/links/59c5ea1e0f7e9bd2c00568d9/Finite-element-study-the-seismic-behavior-of-connection-to-replace-the-continuity-plates-in-NFT-CFT-steel-columns.pdf,"O Rezaifar, A Younesi"
GoogleScholar,"New currencies and new values in professional sports: Blockchain, NFT, and fintech through the stakeholder approach",http://www.efsupit.ro/images/stories/may2023/Art153.pdf,E Glebova
GoogleScholar,NFT (Non-Fungible Token): Masa Depan Arsip Digital? Atau Hanya Sekedar Buble?,https://jurnal.iainponorogo.ac.id/index.php/pustakaloka/article/view/3289,MU Noor
GoogleScholar,Disease in NFT,https://www.actahort.org/books/98/98_32.htm,
GoogleScholar,User Acceptance Towards Non-Fungible Token (NFT) as the FinTech for Investment Management in the Metaverse,https://www.igi-global.com/chapter/user-acceptance-towards-non-fungible-token-nft-as-the-fintech-for-investment-management-in-the-metaverse/315419,"RC Ho, BL Song"
GoogleScholar,NFT luxury brand marketing in the metaverse: Leveraging blockchain‐certified NFTs to drive consumer behavior,https://onlinelibrary.wiley.com/doi/abs/10.1002/mar.21854,"E Sung, O Kwon, K Sohn"
GoogleScholar,Blockchain based Medical Record Storage and Retrieval using NFT Tracking System,https://ieeexplore.ieee.org/abstract/document/9776833/,SN Bushra
GoogleScholar,Uptake of nutrients by lettuce on NFT with controlled composition of the nutrient solution.,https://library.wur.nl/ojs/index.php/njas/article/view/16542,M Heinen
GoogleScholar,Selection-Neglect in the NFT Bubble,https://www.nber.org/papers/w31498,WN Goetzmann
GoogleScholar,KRAMER: Kanaria NFT collection rarity meter,https://ieeexplore.ieee.org/abstract/document/9805542/,
GoogleScholar,Prediction and interpretation of daily NFT and DeFi prices dynamics: Inspection through ensemble machine learning & XAI,https://www.sciencedirect.com/science/article/pii/S1057521923000741,Y Madhwal
GoogleScholar,"Effects of supplemental irradiation with HID lamps, and NFT gutter size on gas exchange, plant morphology and yield of strawberry plants",https://www.sciencedirect.com/science/article/pii/0304423886901263,"I Ghosh, E Alfaro-Cortés, M Gámez"
GoogleScholar,Gamers' Reaction to the Use of NFT in AAA Video Games,https://www.sciencedirect.com/science/article/pii/S1877050923003381,R Ceulemans
GoogleScholar,Indy528—Federated Learning Model Tokenization with Non-Fungible Tokens (NFT) and Model Cards,https://ieeexplore.ieee.org/abstract/document/9973499/,JP Sousa
GoogleScholar,Susceptibility of plants to fungal pathogens when grown by the nutrient–film technique (NFT),https://bsppjournals.onlinelibrary.wiley.com/doi/abs/10.1111/j.1365-3059.1979.tb02618.x,"E Bandara, X Liang, S Shetty"
GoogleScholar,N:K RATIO FOR PHENOLOGICAL GROWTH STAGES OF NET MELON CULTIVATED IN NFT HYDROPONIC SYSTEM1,https://www.scielo.br/j/rcaat/a/hZzyVKcHCTvpFW8cSKHYmBr/?lang=en,
GoogleScholar,A Bivariate Performance Model across On-and Off-Chain in A NFT (Non-Fungible Token) Chain,https://ieeexplore.ieee.org/abstract/document/9921973/,"CS Nascimento, AB Cecílio Filho"
GoogleScholar,Social data analysis on play-to-earn non-fungible tokens (NFT) games,https://ieeexplore.ieee.org/abstract/document/9754936/,P Bumrungsook
GoogleScholar,Poor aeration in NFT and a means for its improvement,https://www.tandfonline.com/doi/abs/10.1080/00221589.1984.11515216,MB Jackson
GoogleScholar,Nutrient Film Technique (NFT) hydroponic monitoring system based on wireless sensor network,https://ieeexplore.ieee.org/abstract/document/8263577/,A Nursyahid
GoogleScholar,"Growth and development of komatsuna (Brassica rapaL. Nothovar) in NFT (nutrient film technique) system, as influenced by natural mineral",https://www.scirp.org/html/1-3000489_34802.htm,"AK Azad, JC Diaz-Perez"
GoogleScholar,Nutrient solution acidity control system on NFT-based hydroponic plants using multiple linear regression method,https://ieeexplore.ieee.org/abstract/document/9239134/,"H Helmy, A Nursyahid"
GoogleScholar,Space transition and the vulnerabilities of the NFT market to financial crime,https://www.emerald.com/insight/content/doi/10.1108/JFC-09-2022-0218/full/html,"D Smith, K Gleason"
GoogleScholar,The effects of neurotherapy (Nft) using ayatul kursi as stimulus on memory performance,http://www.jised.com/PDF/JISED-2017-04-06-03.pdf,N Fauzan
GoogleScholar,Recent development in fintech: Non-fungible token,https://www.mdpi.com/2674-1032/1/1/3,D Roubaud
GoogleScholar,… quantitative analysis of NFT in brains of non‐demented elderly persons: Comparisons with findings in brains of late‐onset Alzheimer's disease and limbic NFT …,https://onlinelibrary.wiley.com/doi/abs/10.1046/j.0919-6544.2001.00425.x,
GoogleScholar,Token-Art System and the New International Art Market: The impacts of NFT technology and the legal aspects involved,https://www.ojs.unito.it/index.php/JLMI/article/download/6674/5660,FM de Sousa
